<?xml version="1.0" encoding="UTF-8"?>
<beans:beans xmlns="http://www.springframework.org/schema/mvc"
	xmlns:xsi="http://www.w3.org/2001/XMLSchema-instance"
	xmlns:beans="http://www.springframework.org/schema/beans"
	xmlns:context="http://www.springframework.org/schema/context"
	xsi:schemaLocation="http://www.springframework.org/schema/mvc https://www.springframework.org/schema/mvc/spring-mvc.xsd
		http://www.springframework.org/schema/beans https://www.springframework.org/schema/beans/spring-beans.xsd
		http://www.springframework.org/schema/context https://www.springframework.org/schema/context/spring-context.xsd">

	<!-- DispatcherServlet Context: defines this servlet's request-processing infrastructure -->
	
	<!-- Enables the Spring MVC @Controller programming model -->
	<annotation-driven />
	<!-- mvc:view-controller -->
	<view-controller path="/" view-name="main"/>
	<view-controller path="/main" view-name="main"/>
	<view-controller path="/anlys/mz_satisfaction" view-name="/anlys/mz_satisfaction"/>
	<view-controller path="/anlys/mz_analysis" view-name="/anlys/mz_analysis"/>
	<view-controller path="/member/login" view-name="/member/login"/>
	<view-controller path="/member/join" view-name="/member/join"/>
	<view-controller path="/member/join_complete" view-name="/member/join_complete"/>
	<view-controller path="/member/find_pw" view-name="/member/find_pw"/>
	<view-controller path="/member/find_pw_change" view-name="/member/find_pw_change"/>
	<view-controller path="/member/find_id" view-name="/member/find_id"/>
	<view-controller path="/member/find_id_result" view-name="/member/find_id_result"/>
	<view-controller path="/member/edit_info" view-name="/member/edit_info"/>
	<view-controller path="/member/edit_info_crtf" view-name="/member/edit_info_crtf"/>
	
	<!-- JSON -->
	<beans:bean id="jacksonMessageConverter" class="org.springframework.http.converter.json.MappingJackson2HttpMessageConverter" />
	
	

	<!-- Handles HTTP GET requests for /resources/** by efficiently serving up static resources in the ${webappRoot}/resources directory -->
	<resources location="WEB-INF/resources/" mapping="/**" />
	<resources location="WEB-INF/resources/css" mapping="/css/**" />
	<resources location="WEB-INF/resources/js" mapping="/js/**" />
	<resources location="WEB-INF/resources/img" mapping="/img/**" />

	<!-- Resolves views selected for rendering by @Controllers to .jsp resources in the /WEB-INF/views directory -->
	<beans:bean class="org.springframework.web.servlet.view.InternalResourceViewResolver">
		<beans:property name="prefix" value="/WEB-INF/views/" />
		<beans:property name="suffix" value=".jsp" />
	</beans:bean>
	
	<context:component-scan base-package="com.mzlife.app" />
	
	
</beans:beans>
